sample_idx,chamfer_distance
0,0.00254475
1,0.00255281
2,0.00244976
3,0.00246316
4,0.00249759
5,0.00249326
6,0.00250473
7,0.00246387
8,0.00255331
9,0.00256658
10,0.00249373
11,0.00251132
12,0.00254342
13,0.00256648
14,0.00243349
15,0.00250859
16,0.00268812
17,0.00251616
18,0.00252869
19,0.00254303
20,0.00257152
21,0.00247307
22,0.00246265
23,0.00254489
24,0.00254834
25,0.00256070
26,0.00257026
27,0.00253983
28,0.00247572
29,0.00255165
30,0.00250893
31,0.00257803
32,0.00250925
33,0.00244600
34,0.00253627
35,0.00250662
36,0.00254526
37,0.00250335
38,0.00258105
39,0.00243709
40,0.00260123
41,0.00256704
42,0.00257643
43,0.00252644
44,0.00260166
45,0.00253616
46,0.00259401
47,0.00248205
48,0.00246720
49,0.00248520
50,0.00257350
51,0.00250637
52,0.00257303
53,0.00256444
54,0.00255609
55,0.00252722
56,0.00258446
57,0.00262000
58,0.00240610
59,0.00250572
60,0.00248850
61,0.00254511
62,0.00256453
63,0.00260112
64,0.00253086
65,0.00253122
66,0.00252332
67,0.00259986
68,0.00249504
69,0.00250151
70,0.00247850
71,0.00255717
72,0.00250964
73,0.00254670
74,0.00253195
75,0.00261690
76,0.00249873
77,0.00258112
78,0.00248358
79,0.00253052
80,0.00260640
81,0.00258262
82,0.00259767
83,0.00255341
84,0.00252109
85,0.00252813
86,0.00250104
87,0.00262040
88,0.00259013
89,0.00250522
90,0.00251836
91,0.00252901
92,0.00253969
93,0.00252498
94,0.00255992
95,0.00253069
96,0.00242323
97,0.00255426
98,0.00256434
99,0.00250437
100,0.00257703
101,0.00245429
102,0.00245585
103,0.00239492
104,0.00247992
105,0.00248698
106,0.00253798
107,0.00252449
108,0.00243407
109,0.00248926
110,0.00245193
111,0.00250641
112,0.00248303
113,0.00240110
114,0.00243861
115,0.00239962
116,0.00247117
117,0.00252515
118,0.00255431
119,0.00248340
120,0.00241747
121,0.00243085
122,0.00250059
123,0.00242281
124,0.00250672
125,0.00254542
126,0.00247798
127,0.00245926
128,0.00251463
129,0.00246915
130,0.00252943
131,0.00257585
132,0.00247559
133,0.00251629
134,0.00249906
135,0.00244053
136,0.00243453
137,0.00240946
138,0.00250768
139,0.00252120
140,0.00244283
141,0.00247317
142,0.00243518
143,0.00242474
144,0.00242968
145,0.00250880
146,0.00251715
147,0.00246131
148,0.00249153
149,0.00246966
150,0.00253235
151,0.00240608
152,0.00252263
153,0.00246331
154,0.00247539
155,0.00249399
156,0.00244019
157,0.00243930
158,0.00249331
159,0.00245991
160,0.00247366
161,0.00252315
162,0.00251662
163,0.00250128
164,0.00247366
165,0.00246182
166,0.00246212
167,0.00251243
168,0.00254018
169,0.00245715
170,0.00245745
171,0.00247390
172,0.00247030
173,0.00245878
174,0.00243133
175,0.00249586
176,0.00249077
177,0.00243791
178,0.00240788
179,0.00263245
180,0.00244971
181,0.00249281
182,0.00248446
183,0.00257263
184,0.00244637
185,0.00245250
186,0.00254887
187,0.00252581
188,0.00243822
189,0.00248930
190,0.00245247
191,0.00246086
192,0.00248909
193,0.00244971
194,0.00246213
195,0.00238246
196,0.00247030
197,0.00253184
198,0.00247227
199,0.00243846
200,0.00236902
201,0.00236835
202,0.00238304
203,0.00236244
204,0.00235946
205,0.00236327
206,0.00247132
207,0.00236515
208,0.00233908
209,0.00240397
210,0.00236213
211,0.00250749
212,0.00237759
213,0.00238897
214,0.00241465
215,0.00230109
216,0.00242877
217,0.00226576
218,0.00238882
219,0.00234948
220,0.00244558
221,0.00236561
222,0.00251396
223,0.00234623
224,0.00249196
225,0.00234352
226,0.00247620
227,0.00232665
228,0.00240886
229,0.00239755
230,0.00259635
231,0.00233358
232,0.00242895
233,0.00241868
234,0.00244953
235,0.00238812
236,0.00229007
237,0.00241704
238,0.00252513
239,0.00238055
240,0.00240367
241,0.00231913
242,0.00248488
243,0.00251639
244,0.00247318
245,0.00230588
246,0.00240377
247,0.00249027
248,0.00249470
249,0.00241113
250,0.00237050
251,0.00248613
252,0.00253005
253,0.00238929
254,0.00259219
255,0.00242709
256,0.00244721
257,0.00228880
258,0.00245584
259,0.00244906
260,0.00233665
261,0.00224756
262,0.00237450
263,0.00244557
264,0.00247490
265,0.00230030
266,0.00234196
267,0.00252380
268,0.00242052
269,0.00235876
270,0.00239291
271,0.00239615
272,0.00233226
273,0.00237529
274,0.00238725
275,0.00241965
276,0.00228735
277,0.00247511
278,0.00246720
279,0.00236523
280,0.00237879
281,0.00250225
282,0.00243521
283,0.00237277
284,0.00241632
285,0.00236613
286,0.00235425
287,0.00237122
288,0.00252091
289,0.00245308
290,0.00240802
291,0.00232014
292,0.00223313
293,0.00247475
294,0.00234156
295,0.00237765
296,0.00235146
297,0.00237334
298,0.00232691
299,0.00233949
300,0.00200335
301,0.00196451
302,0.00202176
303,0.00199722
304,0.00198991
305,0.00198136
306,0.00204875
307,0.00202712
308,0.00203022
309,0.00203001
310,0.00197972
311,0.00201707
312,0.00205087
313,0.00200283
314,0.00204562
315,0.00198098
316,0.00204251
317,0.00196577
318,0.00201740
319,0.00200876
320,0.00206115
321,0.00199874
322,0.00206398
323,0.00197663
324,0.00197379
325,0.00209401
326,0.00199097
327,0.00206123
328,0.00206118
329,0.00202030
330,0.00204957
331,0.00203752
332,0.00199990
333,0.00205538
334,0.00202372
335,0.00204318
336,0.00197188
337,0.00195554
338,0.00200310
339,0.00198675
340,0.00203569
341,0.00203071
342,0.00199140
343,0.00207780
344,0.00202815
345,0.00201186
346,0.00200309
347,0.00205259
348,0.00195931
349,0.00199402
350,0.00201221
351,0.00200830
352,0.00206835
353,0.00197079
354,0.00195749
355,0.00205148
356,0.00200955
357,0.00200655
358,0.00200922
359,0.00195229
360,0.00199703
361,0.00203987
362,0.00202342
363,0.00198386
364,0.00197510
365,0.00196125
366,0.00203262
367,0.00206583
368,0.00194862
369,0.00205430
370,0.00204210
371,0.00201961
372,0.00201099
373,0.00203589
374,0.00202339
375,0.00195361
376,0.00195258
377,0.00206677
378,0.00200686
379,0.00195440
380,0.00202344
381,0.00204963
382,0.00190375
383,0.00200568
384,0.00207270
385,0.00188105
386,0.00205664
387,0.00201696
388,0.00205553
389,0.00193179
390,0.00204875
391,0.00204178
392,0.00201140
393,0.00205066
394,0.00203151
395,0.00202990
396,0.00193132
397,0.00205721
398,0.00201730
399,0.00204713
400,0.00310732
401,0.00312666
402,0.00300732
403,0.00302143
404,0.00306685
405,0.00306925
406,0.00317533
407,0.00306732
408,0.00309685
409,0.00307608
410,0.00307420
411,0.00319292
412,0.00307487
413,0.00298673
414,0.00314614
415,0.00305077
416,0.00301584
417,0.00297991
418,0.00310069
419,0.00323386
420,0.00308001
421,0.00314499
422,0.00307164
423,0.00311620
424,0.00305346
425,0.00302997
426,0.00312060
427,0.00309125
428,0.00317860
429,0.00295243
430,0.00322512
431,0.00315881
432,0.00307244
433,0.00322930
434,0.00308765
435,0.00300539
436,0.00299393
437,0.00308137
438,0.00304183
439,0.00306509
440,0.00321558
441,0.00307216
442,0.00299243
443,0.00310003
444,0.00304146
445,0.00311318
446,0.00305829
447,0.00310477
448,0.00308727
449,0.00307293
450,0.00305715
451,0.00299253
452,0.00304709
453,0.00321680
454,0.00320615
455,0.00312260
456,0.00305034
457,0.00308282
458,0.00304987
459,0.00308514
460,0.00312898
461,0.00323369
462,0.00309032
463,0.00315907
464,0.00308533
465,0.00317093
466,0.00306160
467,0.00300239
468,0.00304945
469,0.00309923
470,0.00309649
471,0.00320273
472,0.00305315
473,0.00316997
474,0.00307222
475,0.00314353
476,0.00312923
477,0.00310421
478,0.00306078
479,0.00305829
480,0.00314894
481,0.00301052
482,0.00304724
483,0.00314805
484,0.00308393
485,0.00309757
486,0.00318811
487,0.00306891
488,0.00317164
489,0.00308339
490,0.00310990
491,0.00308526
492,0.00314214
493,0.00308248
494,0.00305098
495,0.00312499
496,0.00323781
497,0.00309317
498,0.00307648
499,0.00309015
500,0.00169804
501,0.00174767
502,0.00166112
503,0.00171303
504,0.00171931
505,0.00177048
506,0.00167178
507,0.00175510
508,0.00182226
509,0.00175997
510,0.00174802
511,0.00171747
512,0.00175097
513,0.00171554
514,0.00180750
515,0.00171185
516,0.00177048
517,0.00178553
518,0.00171856
519,0.00172122
520,0.00171324
521,0.00178769
522,0.00166685
523,0.00172147
524,0.00174158
525,0.00171682
526,0.00170886
527,0.00174519
528,0.00171393
529,0.00171189
530,0.00173408
531,0.00171679
532,0.00178553
533,0.00163941
534,0.00172250
535,0.00171064
536,0.00171977
537,0.00173662
538,0.00173650
539,0.00172893
540,0.00167505
541,0.00168540
542,0.00169786
543,0.00166076
544,0.00167065
545,0.00168930
546,0.00173835
547,0.00168669
548,0.00170174
549,0.00167140
550,0.00175822
551,0.00165714
552,0.00171590
553,0.00172787
554,0.00165978
555,0.00174043
556,0.00171013
557,0.00175590
558,0.00170797
559,0.00174426
560,0.00167604
561,0.00169866
562,0.00177788
563,0.00171115
564,0.00165947
565,0.00165806
566,0.00178395
567,0.00171691
568,0.00172539
569,0.00167457
570,0.00176119
571,0.00172139
572,0.00168962
573,0.00173263
574,0.00170197
575,0.00171819
576,0.00170677
577,0.00169959
578,0.00180453
579,0.00171887
580,0.00168833
581,0.00177812
582,0.00170555
583,0.00174625
584,0.00175963
585,0.00170218
586,0.00174452
587,0.00170697
588,0.00175317
589,0.00173498
590,0.00166139
591,0.00173703
592,0.00167919
593,0.00174151
594,0.00171184
595,0.00176209
596,0.00166804
597,0.00172003
598,0.00167705
599,0.00172899
600,0.00603894
601,0.00634184
602,0.00650024
603,0.00648104
604,0.00614986
605,0.00616509
606,0.00669426
607,0.00600030
608,0.00621876
609,0.00618343
610,0.00617959
611,0.00648461
612,0.00614589
613,0.00632720
614,0.00623291
615,0.00637038
616,0.00620757
617,0.00649834
618,0.00677187
619,0.00640381
620,0.00620166
621,0.00617230
622,0.00619335
623,0.00618326
624,0.00609794
625,0.00617672
626,0.00638466
627,0.00641128
628,0.00600862
629,0.00628183
630,0.00630669
631,0.00669628
632,0.00613727
633,0.00633868
634,0.00632798
635,0.00610433
636,0.00614546
637,0.00629333
638,0.00628729
639,0.00629922
640,0.00581891
641,0.00627731
642,0.00635235
643,0.00613299
644,0.00612991
645,0.00631183
646,0.00632979
647,0.00625496
648,0.00626499
649,0.00677187
650,0.00626755
651,0.00622229
652,0.00622547
653,0.00639335
654,0.00638793
655,0.00634211
656,0.00592229
657,0.00628302
658,0.00642588
659,0.00624960
660,0.00628352
661,0.00617578
662,0.00603013
663,0.00632981
664,0.00604947
665,0.00631155
666,0.00596975
667,0.00601425
668,0.00619845
669,0.00637391
670,0.00621788
671,0.00639872
672,0.00632847
673,0.00616485
674,0.00637105
675,0.00632712
676,0.00661278
677,0.00641907
678,0.00628930
679,0.00657394
680,0.00659478
681,0.00625235
682,0.00622523
683,0.00659368
684,0.00639592
685,0.00620652
686,0.00613415
687,0.00634353
688,0.00628725
689,0.00615442
690,0.00615246
691,0.00618598
692,0.00620922
693,0.00643203
694,0.00620759
695,0.00625292
696,0.00645981
697,0.00621898
698,0.00619886
699,0.00621945
700,0.00835222
701,0.00854852
702,0.00804493
703,0.00841000
704,0.00878133
705,0.00816268
706,0.00811847
707,0.00857515
708,0.00852484
709,0.00868702
710,0.00865295
711,0.00829901
712,0.00877170
713,0.00802804
714,0.00872211
715,0.00870953
716,0.00828273
717,0.00846953
718,0.00874428
719,0.00895704
720,0.00838662
721,0.00835384
722,0.00868129
723,0.00766487
724,0.00834815
725,0.00844266
726,0.00860336
727,0.00850742
728,0.00830932
729,0.00931690
730,0.00823591
731,0.00790021
732,0.00824364
733,0.00889168
734,0.00852598
735,0.00812213
736,0.00846823
737,0.00835248
738,0.00873750
739,0.00848209
740,0.00856971
741,0.00851573
742,0.00818736
743,0.00839187
744,0.00835049
745,0.00856221
746,0.00824821
747,0.00900250
748,0.00876679
749,0.00790942
750,0.00822247
751,0.00836094
752,0.00831022
753,0.00903607
754,0.00835790
755,0.00857046
756,0.00817867
757,0.00883631
758,0.00785672
759,0.00858417
760,0.00898801
761,0.00848150
762,0.00776700
763,0.00869219
764,0.00862000
765,0.00814418
766,0.00871613
767,0.00796670
768,0.00795151
769,0.00789981
770,0.00856147
771,0.00819221
772,0.00856231
773,0.00823966
774,0.00798621
775,0.00821013
776,0.00838224
777,0.00823165
778,0.00846018
779,0.00833655
780,0.00787084
781,0.00848874
782,0.00835528
783,0.00826702
784,0.00847666
785,0.00898801
786,0.00877121
787,0.00850760
788,0.00823430
789,0.00825073
790,0.00898756
791,0.00921686
792,0.00786985
793,0.00785418
794,0.00813938
795,0.00838082
796,0.00843060
797,0.00849842
798,0.00861911
799,0.00879712
800,0.00250406
801,0.00253039
802,0.00255178
803,0.00251608
804,0.00253344
805,0.00260082
806,0.00246749
807,0.00253166
808,0.00247074
809,0.00252533
810,0.00256066
811,0.00246057
812,0.00255011
813,0.00249272
814,0.00251271
815,0.00249195
816,0.00254709
817,0.00249680
818,0.00250908
819,0.00248407
820,0.00249608
821,0.00255941
822,0.00254057
823,0.00254681
824,0.00255137
825,0.00251337
826,0.00256611
827,0.00246884
828,0.00255779
829,0.00255349
830,0.00254726
831,0.00257246
832,0.00256389
833,0.00255162
834,0.00252229
835,0.00252373
836,0.00263894
837,0.00253831
838,0.00253579
839,0.00258118
840,0.00254349
841,0.00255348
842,0.00254932
843,0.00263332
844,0.00251511
845,0.00259356
846,0.00256738
847,0.00259777
848,0.00251601
849,0.00248411
850,0.00250387
851,0.00252121
852,0.00252499
853,0.00255947
854,0.00255348
855,0.00253271
856,0.00246098
857,0.00258630
858,0.00245709
859,0.00257127
860,0.00252302
861,0.00254108
862,0.00252537
863,0.00246839
864,0.00254069
865,0.00246852
866,0.00245783
867,0.00252679
868,0.00258045
869,0.00252848
870,0.00260098
871,0.00246859
872,0.00262375
873,0.00246009
874,0.00255843
875,0.00251745
876,0.00246912
877,0.00254897
878,0.00253115
879,0.00259225
880,0.00251056
881,0.00254653
882,0.00258136
883,0.00255061
884,0.00248755
885,0.00256109
886,0.00256547
887,0.00249054
888,0.00252923
889,0.00254711
890,0.00256316
891,0.00250125
892,0.00244101
893,0.00256342
894,0.00259870
895,0.00259946
896,0.00255589
897,0.00247615
898,0.00254271
899,0.00257597
900,0.01550229
901,0.01574517
902,0.01569087
903,0.01529381
904,0.01534384
905,0.01497975
906,0.01599382
907,0.01594896
908,0.01487992
909,0.01435612
910,0.01572598
911,0.01524366
912,0.01555352
913,0.01575893
914,0.01557622
915,0.01549548
916,0.01503153
917,0.01574642
918,0.01601531
919,0.01557326
920,0.01510696
921,0.01477193
922,0.01557188
923,0.01535125
924,0.01613900
925,0.01579890
926,0.01459590
927,0.01479317
928,0.01599235
929,0.01584249
930,0.01525301
931,0.01490348
932,0.01566269
933,0.01606118
934,0.01618355
935,0.01570269
936,0.01615128
937,0.01442478
938,0.01487348
939,0.01540590
940,0.01621963
941,0.01613146
942,0.01560298
943,0.01610513
944,0.01547268
945,0.01608973
946,0.01490348
947,0.01535125
948,0.01608807
949,0.01522326
950,0.01512068
951,0.01610551
952,0.01557118
953,0.01506321
954,0.01593333
955,0.01601944
956,0.01579407
957,0.01439408
958,0.01466454
959,0.01550856
960,0.01567950
961,0.01539710
962,0.01436999
963,0.01617111
964,0.01633575
965,0.01518836
966,0.01595515
967,0.01497902
968,0.01499540
969,0.01523793
970,0.01581838
971,0.01541756
972,0.01553425
973,0.01455496
974,0.01539233
975,0.01602474
976,0.01619277
977,0.01566828
978,0.01517416
979,0.01600100
980,0.01428358
981,0.01536377
982,0.01431619
983,0.01520097
984,0.01571352
985,0.01623281
986,0.01535964
987,0.01633898
988,0.01530057
989,0.01623127
990,0.01518869
991,0.01559243
992,0.01498727
993,0.01558590
994,0.01485743
995,0.01615219
996,0.01604867
997,0.01654408
998,0.01609931
999,0.01456054
1000,0.00299532
1001,0.00294181
1002,0.00283294
1003,0.00284568
1004,0.00288277
1005,0.00291924
1006,0.00289527
1007,0.00295374
1008,0.00281183
1009,0.00289341
1010,0.00283414
1011,0.00287011
1012,0.00294555
1013,0.00291971
1014,0.00287693
1015,0.00287413
1016,0.00290730
1017,0.00288839
1018,0.00293016
1019,0.00293953
1020,0.00290330
1021,0.00294900
1022,0.00285796
1023,0.00307854
1024,0.00301667
1025,0.00290902
1026,0.00304716
1027,0.00300169
1028,0.00285256
1029,0.00282840
1030,0.00295415
1031,0.00288870
1032,0.00291772
1033,0.00276147
1034,0.00294132
1035,0.00291676
1036,0.00295536
1037,0.00297446
1038,0.00297499
1039,0.00295428
1040,0.00297080
1041,0.00298641
1042,0.00293582
1043,0.00289539
1044,0.00293654
1045,0.00285453
1046,0.00288702
1047,0.00292777
1048,0.00279346
1049,0.00292536
1050,0.00285368
1051,0.00278969
1052,0.00290405
1053,0.00283828
1054,0.00283931
1055,0.00291811
1056,0.00298804
1057,0.00304843
1058,0.00291335
1059,0.00299099
1060,0.00290721
1061,0.00283686
1062,0.00293870
1063,0.00289233
1064,0.00295674
1065,0.00300452
1066,0.00296291
1067,0.00290938
1068,0.00298566
1069,0.00295360
1070,0.00295422
1071,0.00287306
1072,0.00285232
1073,0.00288641
1074,0.00292117
1075,0.00293798
1076,0.00276724
1077,0.00301119
1078,0.00281222
1079,0.00283435
1080,0.00290249
1081,0.00285493
1082,0.00295143
1083,0.00298407
1084,0.00291754
1085,0.00296156
1086,0.00292486
1087,0.00295427
1088,0.00295261
1089,0.00292271
1090,0.00292913
1091,0.00289903
1092,0.00287880
1093,0.00286821
1094,0.00292619
1095,0.00300601
1096,0.00289067
1097,0.00287767
1098,0.00277299
1099,0.00302222
1100,0.00367509
1101,0.00354636
1102,0.00382714
1103,0.00378096
1104,0.00388060
1105,0.00386538
1106,0.00412671
1107,0.00373080
1108,0.00397976
1109,0.00405770
1110,0.00408361
1111,0.00396196
1112,0.00395152
1113,0.00360313
1114,0.00389532
1115,0.00382911
1116,0.00389214
1117,0.00393080
1118,0.00410939
1119,0.00376462
1120,0.00403488
1121,0.00393756
1122,0.00380741
1123,0.00379082
1124,0.00387928
1125,0.00375620
1126,0.00385575
1127,0.00405527
1128,0.00390537
1129,0.00394670
1130,0.00399078
1131,0.00407951
1132,0.00393582
1133,0.00406262
1134,0.00397950
1135,0.00392488
1136,0.00392888
1137,0.00409064
1138,0.00386138
1139,0.00383348
1140,0.00387707
1141,0.00386878
1142,0.00388141
1143,0.00387310
1144,0.00388478
1145,0.00390197
1146,0.00393517
1147,0.00395266
1148,0.00367319
1149,0.00390662
1150,0.00392863
1151,0.00385575
1152,0.00404709
1153,0.00403284
1154,0.00388674
1155,0.00390725
1156,0.00376446
1157,0.00396219
1158,0.00393164
1159,0.00385319
1160,0.00392018
1161,0.00386141
1162,0.00379462
1163,0.00394912
1164,0.00405043
1165,0.00380854
1166,0.00402275
1167,0.00388871
1168,0.00378250
1169,0.00408089
1170,0.00386272
1171,0.00382851
1172,0.00394111
1173,0.00394586
1174,0.00383436
1175,0.00385653
1176,0.00368381
1177,0.00399903
1178,0.00376140
1179,0.00390655
1180,0.00384571
1181,0.00386637
1182,0.00392550
1183,0.00363687
1184,0.00385020
1185,0.00374165
1186,0.00392122
1187,0.00400740
1188,0.00392075
1189,0.00410498
1190,0.00386277
1191,0.00380628
1192,0.00392032
1193,0.00390794
1194,0.00376854
1195,0.00381753
1196,0.00383693
1197,0.00364384
1198,0.00382509
1199,0.00380391
1200,0.00346150
1201,0.00374625
1202,0.00363429
1203,0.00357677
1204,0.00371838
1205,0.00370420
1206,0.00353648
1207,0.00366664
1208,0.00370420
1209,0.00363931
1210,0.00368861
1211,0.00369520
1212,0.00364619
1213,0.00391107
1214,0.00360105
1215,0.00362736
1216,0.00352605
1217,0.00367684
1218,0.00356255
1219,0.00363312
1220,0.00357137
1221,0.00362839
1222,0.00360135
1223,0.00360490
1224,0.00379438
1225,0.00378594
1226,0.00378025
1227,0.00360285
1228,0.00351427
1229,0.00356335
1230,0.00370639
1231,0.00368774
1232,0.00358023
1233,0.00368941
1234,0.00369470
1235,0.00352864
1236,0.00364344
1237,0.00354546
1238,0.00384428
1239,0.00365241
1240,0.00379296
1241,0.00361625
1242,0.00367867
1243,0.00353314
1244,0.00379868
1245,0.00354806
1246,0.00362545
1247,0.00352639
1248,0.00350010
1249,0.00369934
1250,0.00363962
1251,0.00369581
1252,0.00358822
1253,0.00370491
1254,0.00345132
1255,0.00372238
1256,0.00366652
1257,0.00369662
1258,0.00380368
1259,0.00359153
1260,0.00359876
1261,0.00347839
1262,0.00377535
1263,0.00373854
1264,0.00377319
1265,0.00369325
1266,0.00363613
1267,0.00359505
1268,0.00356190
1269,0.00396018
1270,0.00382139
1271,0.00373233
1272,0.00376144
1273,0.00360473
1274,0.00369086
1275,0.00374041
1276,0.00357405
1277,0.00354232
1278,0.00361597
1279,0.00372255
1280,0.00370866
1281,0.00368287
1282,0.00376286
1283,0.00353081
1284,0.00370819
1285,0.00378982
1286,0.00365765
1287,0.00355766
1288,0.00376734
1289,0.00370167
1290,0.00374426
1291,0.00359706
1292,0.00353122
1293,0.00365943
1294,0.00366240
1295,0.00357248
1296,0.00377797
1297,0.00363730
1298,0.00377637
1299,0.00378298
1300,0.01191752
1301,0.01286655
1302,0.01200471
1303,0.01168160
1304,0.01206910
1305,0.01219428
1306,0.01203095
1307,0.01173752
1308,0.01221598
1309,0.01278689
1310,0.01259470
1311,0.01249380
1312,0.01191049
1313,0.01207798
1314,0.01158122
1315,0.01220827
1316,0.01224010
1317,0.01225419
1318,0.01172013
1319,0.01245491
1320,0.01195658
1321,0.01179011
1322,0.01223634
1323,0.01277650
1324,0.01200790
1325,0.01202251
1326,0.01234642
1327,0.01276706
1328,0.01245482
1329,0.01160332
1330,0.01238017
1331,0.01220323
1332,0.01288046
1333,0.01279534
1334,0.01229734
1335,0.01273550
1336,0.01270964
1337,0.01185862
1338,0.01239861
1339,0.01222593
1340,0.01239735
1341,0.01216498
1342,0.01281622
1343,0.01153594
1344,0.01210616
1345,0.01183994
1346,0.01263094
1347,0.01192014
1348,0.01122086
1349,0.01189261
1350,0.01158554
1351,0.01200187
1352,0.01210874
1353,0.01146195
1354,0.01306920
1355,0.01199968
1356,0.01227725
1357,0.01258947
1358,0.01205315
1359,0.01209698
1360,0.01146260
1361,0.01256100
1362,0.01199968
1363,0.01254234
1364,0.01223985
1365,0.01234016
1366,0.01265816
1367,0.01222082
1368,0.01243356
1369,0.01259154
1370,0.01235096
1371,0.01276005
1372,0.01263157
1373,0.01223906
1374,0.01256952
1375,0.01305334
1376,0.01183574
1377,0.01204730
1378,0.01252267
1379,0.01202940
1380,0.01226221
1381,0.01162475
1382,0.01276455
1383,0.01224393
1384,0.01213048
1385,0.01206378
1386,0.01199297
1387,0.01235055
1388,0.01291513
1389,0.01220252
1390,0.01186605
1391,0.01227431
1392,0.01209319
1393,0.01256532
1394,0.01192344
1395,0.01156280
1396,0.01208883
1397,0.01213446
1398,0.01277947
1399,0.01246414
1400,0.00267809
1401,0.00274513
1402,0.00259979
1403,0.00267788
1404,0.00263456
1405,0.00256173
1406,0.00256544
1407,0.00260100
1408,0.00255893
1409,0.00272775
1410,0.00258970
1411,0.00262054
1412,0.00260001
1413,0.00256458
1414,0.00262383
1415,0.00262335
1416,0.00259580
1417,0.00262041
1418,0.00261517
1419,0.00252217
1420,0.00255588
1421,0.00256408
1422,0.00256721
1423,0.00254317
1424,0.00266731
1425,0.00250599
1426,0.00261860
1427,0.00253926
1428,0.00251322
1429,0.00258507
1430,0.00265416
1431,0.00257716
1432,0.00255865
1433,0.00263090
1434,0.00268185
1435,0.00265429
1436,0.00256179
1437,0.00259864
1438,0.00258852
1439,0.00253671
1440,0.00249247
1441,0.00258743
1442,0.00260263
1443,0.00256441
1444,0.00263791
1445,0.00268243
1446,0.00253607
1447,0.00254157
1448,0.00259399
1449,0.00268252
1450,0.00261401
1451,0.00253877
1452,0.00253205
1453,0.00264812
1454,0.00255128
1455,0.00263723
1456,0.00254037
1457,0.00260060
1458,0.00258480
1459,0.00248532
1460,0.00252456
1461,0.00263361
1462,0.00258040
1463,0.00260958
1464,0.00259666
1465,0.00261171
1466,0.00261904
1467,0.00257139
1468,0.00260408
1469,0.00257701
1470,0.00259886
1471,0.00257926
1472,0.00272165
1473,0.00261174
1474,0.00261178
1475,0.00262693
1476,0.00267552
1477,0.00260189
1478,0.00258480
1479,0.00262569
1480,0.00264454
1481,0.00255660
1482,0.00259843
1483,0.00260092
1484,0.00264105
1485,0.00260385
1486,0.00260110
1487,0.00258118
1488,0.00265168
1489,0.00261308
1490,0.00253540
1491,0.00262730
1492,0.00256658
1493,0.00264690
1494,0.00264835
1495,0.00255122
1496,0.00269275
1497,0.00256611
1498,0.00260695
1499,0.00255594
1500,0.00677596
1501,0.00700124
1502,0.00680471
1503,0.00711644
1504,0.00686621
1505,0.00643882
1506,0.00706400
1507,0.00702724
1508,0.00669700
1509,0.00738568
1510,0.00706241
1511,0.00650011
1512,0.00680372
1513,0.00677151
1514,0.00718394
1515,0.00719551
1516,0.00653974
1517,0.00713136
1518,0.00658762
1519,0.00680243
1520,0.00663619
1521,0.00665647
1522,0.00677226
1523,0.00700104
1524,0.00667942
1525,0.00725524
1526,0.00690021
1527,0.00676802
1528,0.00685500
1529,0.00644043
1530,0.00661544
1531,0.00715438
1532,0.00684825
1533,0.00689480
1534,0.00646429
1535,0.00689219
1536,0.00657006
1537,0.00692489
1538,0.00649383
1539,0.00672168
1540,0.00683676
1541,0.00698256
1542,0.00691304
1543,0.00720334
1544,0.00713447
1545,0.00623165
1546,0.00648435
1547,0.00716329
1548,0.00656527
1549,0.00693763
1550,0.00710575
1551,0.00691243
1552,0.00690739
1553,0.00706366
1554,0.00665383
1555,0.00681269
1556,0.00682799
1557,0.00674721
1558,0.00679159
1559,0.00721518
1560,0.00686393
1561,0.00669950
1562,0.00669427
1563,0.00667161
1564,0.00709584
1565,0.00655277
1566,0.00662133
1567,0.00684643
1568,0.00658015
1569,0.00691835
1570,0.00660367
1571,0.00701343
1572,0.00697354
1573,0.00689312
1574,0.00651523
1575,0.00641159
1576,0.00653654
1577,0.00677252
1578,0.00708956
1579,0.00694092
1580,0.00642883
1581,0.00642747
1582,0.00686164
1583,0.00713275
1584,0.00720460
1585,0.00688901
1586,0.00643923
1587,0.00648694
1588,0.00634199
1589,0.00711071
1590,0.00622549
1591,0.00663323
1592,0.00702735
1593,0.00671114
1594,0.00668248
1595,0.00645170
1596,0.00639577
1597,0.00668585
1598,0.00635688
1599,0.00707698
1600,0.00211838
1601,0.00224579
1602,0.00218206
1603,0.00218258
1604,0.00211028
1605,0.00217842
1606,0.00213299
1607,0.00214376
1608,0.00221617
1609,0.00216827
1610,0.00217505
1611,0.00212296
1612,0.00217706
1613,0.00217706
1614,0.00205409
1615,0.00217074
1616,0.00216774
1617,0.00215997
1618,0.00219421
1619,0.00218520
1620,0.00219104
1621,0.00216590
1622,0.00219207
1623,0.00216997
1624,0.00218012
1625,0.00213300
1626,0.00217557
1627,0.00213436
1628,0.00216241
1629,0.00210416
1630,0.00223814
1631,0.00221723
1632,0.00205289
1633,0.00216237
1634,0.00216017
1635,0.00212091
1636,0.00213233
1637,0.00224933
1638,0.00221437
1639,0.00214919
1640,0.00222085
1641,0.00216602
1642,0.00212511
1643,0.00219832
1644,0.00213809
1645,0.00210978
1646,0.00215130
1647,0.00216145
1648,0.00208588
1649,0.00221982
1650,0.00220941
1651,0.00208235
1652,0.00208385
1653,0.00216658
1654,0.00219003
1655,0.00218281
1656,0.00223228
1657,0.00219184
1658,0.00214495
1659,0.00209601
1660,0.00214634
1661,0.00209566
1662,0.00219277
1663,0.00213692
1664,0.00214987
1665,0.00220746
1666,0.00218893
1667,0.00213721
1668,0.00211120
1669,0.00214706
1670,0.00209050
1671,0.00215166
1672,0.00219198
1673,0.00215197
1674,0.00218221
1675,0.00214326
1676,0.00210879
1677,0.00214189
1678,0.00224573
1679,0.00218341
1680,0.00221993
1681,0.00210548
1682,0.00220065
1683,0.00214607
1684,0.00217123
1685,0.00214141
1686,0.00220346
1687,0.00210564
1688,0.00211712
1689,0.00207444
1690,0.00216492
1691,0.00215102
1692,0.00217268
1693,0.00220691
1694,0.00214510
1695,0.00214342
1696,0.00214054
1697,0.00205491
1698,0.00219713
1699,0.00214745
1700,0.00324362
1701,0.00339507
1702,0.00317504
1703,0.00317255
1704,0.00326789
1705,0.00319401
1706,0.00315942
1707,0.00319832
1708,0.00315180
1709,0.00310737
1710,0.00322370
1711,0.00317125
1712,0.00316734
1713,0.00315991
1714,0.00311469
1715,0.00319181
1716,0.00310241
1717,0.00329074
1718,0.00316898
1719,0.00312055
1720,0.00300156
1721,0.00321507
1722,0.00309025
1723,0.00314462
1724,0.00318077
1725,0.00309235
1726,0.00323611
1727,0.00314395
1728,0.00315938
1729,0.00311176
1730,0.00313076
1731,0.00317689
1732,0.00326129
1733,0.00316752
1734,0.00325634
1735,0.00313605
1736,0.00327485
1737,0.00320909
1738,0.00318796
1739,0.00311370
1740,0.00316192
1741,0.00326161
1742,0.00312360
1743,0.00322579
1744,0.00319553
1745,0.00319356
1746,0.00320797
1747,0.00316668
1748,0.00313673
1749,0.00329202
1750,0.00322093
1751,0.00313847
1752,0.00323593
1753,0.00327309
1754,0.00308700
1755,0.00313290
1756,0.00308835
1757,0.00313817
1758,0.00315968
1759,0.00323842
1760,0.00313327
1761,0.00322316
1762,0.00312387
1763,0.00310693
1764,0.00313351
1765,0.00322866
1766,0.00314961
1767,0.00313048
1768,0.00314779
1769,0.00323229
1770,0.00323302
1771,0.00305648
1772,0.00311596
1773,0.00312754
1774,0.00320149
1775,0.00310937
1776,0.00319624
1777,0.00318836
1778,0.00320777
1779,0.00316534
1780,0.00319225
1781,0.00326421
1782,0.00312674
1783,0.00321939
1784,0.00318113
1785,0.00320976
1786,0.00313197
1787,0.00318180
1788,0.00318514
1789,0.00314690
1790,0.00322913
1791,0.00306370
1792,0.00318342
1793,0.00321193
1794,0.00308439
1795,0.00320070
1796,0.00319407
1797,0.00319219
1798,0.00327996
1799,0.00319785
1800,0.00176332
1801,0.00177138
1802,0.00175340
1803,0.00177054
1804,0.00170543
1805,0.00174580
1806,0.00171085
1807,0.00171554
1808,0.00180962
1809,0.00168741
1810,0.00174657
1811,0.00174013
1812,0.00169002
1813,0.00180387
1814,0.00181693
1815,0.00177995
1816,0.00174121
1817,0.00171166
1818,0.00174758
1819,0.00173331
1820,0.00173295
1821,0.00172284
1822,0.00178637
1823,0.00172641
1824,0.00177786
1825,0.00169788
1826,0.00171161
1827,0.00181935
1828,0.00172556
1829,0.00178397
1830,0.00169504
1831,0.00174576
1832,0.00173779
1833,0.00174728
1834,0.00175891
1835,0.00176232
1836,0.00176558
1837,0.00175824
1838,0.00173624
1839,0.00172621
1840,0.00175920
1841,0.00176610
1842,0.00177301
1843,0.00179638
1844,0.00168103
1845,0.00169956
1846,0.00177294
1847,0.00176008
1848,0.00182255
1849,0.00182578
1850,0.00182013
1851,0.00169897
1852,0.00180086
1853,0.00176492
1854,0.00175220
1855,0.00172018
1856,0.00180387
1857,0.00176925
1858,0.00177125
1859,0.00175995
1860,0.00170292
1861,0.00168544
1862,0.00171071
1863,0.00171787
1864,0.00172959
1865,0.00173183
1866,0.00177546
1867,0.00173751
1868,0.00176044
1869,0.00174057
1870,0.00178338
1871,0.00172401
1872,0.00176402
1873,0.00170759
1874,0.00176986
1875,0.00171155
1876,0.00170208
1877,0.00187453
1878,0.00180388
1879,0.00180084
1880,0.00178352
1881,0.00174303
1882,0.00173554
1883,0.00178595
1884,0.00179052
1885,0.00179366
1886,0.00176967
1887,0.00177335
1888,0.00167722
1889,0.00179024
1890,0.00176511
1891,0.00170467
1892,0.00172449
1893,0.00174953
1894,0.00179450
1895,0.00175937
1896,0.00174250
1897,0.00179470
1898,0.00173183
1899,0.00170780
1900,0.00239214
1901,0.00244938
1902,0.00246549
1903,0.00242867
1904,0.00245645
1905,0.00249412
1906,0.00257010
1907,0.00238048
1908,0.00245155
1909,0.00252876
1910,0.00234017
1911,0.00246708
1912,0.00235545
1913,0.00240056
1914,0.00240389
1915,0.00243569
1916,0.00238093
1917,0.00244869
1918,0.00246756
1919,0.00244001
1920,0.00239153
1921,0.00241447
1922,0.00245014
1923,0.00245758
1924,0.00250991
1925,0.00245830
1926,0.00239638
1927,0.00246478
1928,0.00245625
1929,0.00251961
1930,0.00242780
1931,0.00250784
1932,0.00245566
1933,0.00249128
1934,0.00247564
1935,0.00247899
1936,0.00234325
1937,0.00242867
1938,0.00255971
1939,0.00247509
1940,0.00251129
1941,0.00251622
1942,0.00242445
1943,0.00258228
1944,0.00248454
1945,0.00240475
1946,0.00248080
1947,0.00244975
1948,0.00255882
1949,0.00251095
1950,0.00251467
1951,0.00242933
1952,0.00240776
1953,0.00253047
1954,0.00239056
1955,0.00242676
1956,0.00237026
1957,0.00244310
1958,0.00248559
1959,0.00238210
1960,0.00243000
1961,0.00255870
1962,0.00245132
1963,0.00246526
1964,0.00239638
1965,0.00246254
1966,0.00237026
1967,0.00252082
1968,0.00241175
1969,0.00252801
1970,0.00253170
1971,0.00245853
1972,0.00252553
1973,0.00242754
1974,0.00243288
1975,0.00249866
1976,0.00246282
1977,0.00252027
1978,0.00242705
1979,0.00241517
1980,0.00240182
1981,0.00236702
1982,0.00246382
1983,0.00244446
1984,0.00242147
1985,0.00249243
1986,0.00245948
1987,0.00254744
1988,0.00247283
1989,0.00250644
1990,0.00244446
1991,0.00242342
1992,0.00248604
1993,0.00242604
1994,0.00249446
1995,0.00243218
1996,0.00259296
1997,0.00257998
1998,0.00251193
1999,0.00241961
